全新, --
, 全新概念全新推出全新开发全新的设计
, 全新的风格全新风格全面革新全面升级
, 全新的风格全新的产品全新的设计理念全新设计
, 新的全新升级全新产品全新的设计
, 即将推出全新推出全新开发新的
, 即将推出全新产品全新风格全新技术
, 全新概念全新体验全新的风格新的
, 新的全新体验全新概念全面升级
, 即将推出全新风格新的全新的设计理念
, 全新的产品全新布局全新设计即将推出
斗山, --
, 斗山挖掘机龙工鹤山石川岛
, 龙工dx520lc-9c柳工神钢
, 官山日立建机石川岛长塘
, 丰山久保田长塘岭脚
, 小松石川岛岭脚柳工
, 龙工斗山大宇石川岛神钢
, 小松玉柴端芬台山
, 小松官山岭脚斗山挖掘机
, 鹤山端芬岭脚石川岛
, 轮式装载机dx520lc-9c石川岛150-7
挖掘机, --
, 大型机械挖土机挖沟机大挖掘机
, 勾机翻斗车推土机工程车
, 大型工程机械翻斗车推土机钩机
, 大型工程机械钩机大型挖掘机翻斗车
, 钩机装载车压路机推土机
, 大挖掘机钩机吊车大型机械
, 平地机装载机小型挖掘机铲车
, 小型挖掘机挖土机大型挖掘机挖沟机
, 大型机械压路机推土小型挖掘机
, 挖土机大挖掘机挖沟机吊车
野马, --
, 野性十足骆驼马儿难以驯服
, 脱缰野马野马群猛禽烈马
, 猛禽烈马这匹野驴
, 野马群野马也一匹难以驯服
, 牧马人野牛骏马野马也
, 烈马野性十足脱缰骆驼
, 脱缰猛禽一匹牧马人
, 骏马野牛骆驼马儿
, 猛禽野马也骏马奔驰
, 猛禽野驴烈马野牛
1.8, --
, 3.61.52.72.8
, 1.32.96.35.6
, 2.53.52.21.2
, 5.61.72.72.9
, 6.33.62.71.6
, 2.92.52.73.5
, 1.61.43.62.8
, 2.62.93.61.9
, 1.72.93.61.4
, 0.82.53.52.4
无级, --
, 无级调节有级无级可调连续可调
, 无级调速阻尼减振器无级调节六档
, 独立控制6档自适应可变悬架系统连续可调
, 自动换挡6档阻尼减振器无级可调
, 无级可调阻尼减振器无级变速连续调节
, 自动换挡有级两挡连续调节
, 自动换挡两挡可调无级可调
, 6档气门升程无级调速5档自动
, 自动换挡连续调节有级气门升程
, 无级调节连续调节气门升程无级可调
大众, --
, 国内消费者大众消费者消费者大众汽车
, 消费大众中国大众中国消费者被消费
, 大众品牌廉价车小众群体大众消费者
, 普罗大众廉价车大众群体大众汽车
, 普罗大众大众消费者中国大众一般大众
, 大众品牌国内消费者一般大众中国大众
, 大众接受国人社会大众大众品牌
, 国内消费者消费大众大众审美大众群体
, 国人小众群体大众品牌公众
, 国人普罗大众社会大众大众消费者
北京, --
, 北京大北京都广州深圳
, 天津北京三这就是北京北京城
, 北京市北京大上海广州北京都
, 广州说北京上海北京，北京
, 北京市帝都北京其中北京北京所
, 北京，北京深圳首都北京北京所
, 北京都深圳帝都北京广州
, 首都北京北京市发现北京以及北京
, 在北京上海广州说北京帝都北京
, 深圳广州北京大以及北京
旗岭, --
, 狮岭白云区龙归镇三江工业区横沥
, 狮岭雅瑶第一工业区白云区龙归镇
, 仙村三江工业区五桂山凤凰岗
, 凤凰岗雅瑶横坑黄牛埔
, 涌口白云区龙归镇凤凰岗横沥
, 横沥雅瑶东莞桥头镇马蹄岗
, 樟木头涌口黄牛埔马蹄岗
, 樟木头凤凰岗元岗东莞桥头镇
, 狮岭横沥黄牛埔东坑
, 仙村三江工业区东莞桥头镇横沥
箱货, --
, 高栏车半挂车厢货高栏货车
, 小货车高栏车箱式货车小货
, 厢货小货双排货车微型小货车
, 半挂车大挂车高栏货车厢货车
, 箱式货车高栏货车微型小货车厢式货车
, 集装箱车前四后八小货车箱式货车
, 半挂车后八轮小型货车微型小货车
, 厢式货车后八轮前四后八小箱货
, 半挂车厢式货车双排货车平板货车
, 小货车后八轮小型货车厢货
4.3, --
, 5.42.44.13.6
, 2.64.23.21.3
, 2.32.64.73.4
, 3.45.34.62.6
, 6.23.63.82.7
, 5.26.22.34.7
, 4.74.23.44.4
, 4.43.62.73.3
, 3.84.74.13.3
, 2.76.33.26.2
米, --
, 8米78米41米55米
, 74米34米76米58米
, 95米74米21米78米
, 13米34米76米85米
, 95米21米78米7米
, 78米58米73米米的
, 21米82米58米76米
, 6米58米85米74米
, 41米43米95米74米
, 78米85米43米米的
大箱, --
, 箱地大麻袋大袋两箱
, 成箱木箱子几箱大箱子
, 箱地空箱子大箱子大袋
, 大纸箱木箱子成箱两箱
, 小箱子成箱大木箱箱
, 木箱几箱大箱子箱地
, 箱四箱大袋子箱箱
, 大麻袋成箱大袋箱地
, 大箱子搬下箱大袋子
, 大袋大木箱箱两箱
解放, --
, 自由解放翻身解放自我解放解放战争的胜利
, 大解放占领被解放解放战争的胜利
, 解放出来解放运动社会解放解放中国
, 解放全中国解放运动自由解放完全解放
, 解放时间被解放全国解放革命
, 解放战争的胜利解放战争胜利占领解放自己
, 自我解放解放出来解放自己全国解放
, 建立人民政权解放战争的胜利社会解放解放战争胜利
, 推翻反动统治建立人民政权解放中国解放全中国
, 解放全中国解放运动占领完全解放
半挂车, --
, 货车大客车箱式货车集装箱车
, 大挂车大客车重型货车箱式货车
, 拖挂车大客车重型半挂车重型货车
, 水泥罐车大型半挂车重型货车厢式货车
, 箱式货车油罐车挂车小型货车
, 半挂货车挂车集装箱货车小型货车
, 大挂车挂车小货车大客车
, 挂车水泥罐车拖挂车大客车
, 重型半挂车轻型货车集装箱车大客车
, 水泥罐车大客车集装箱货车重型半挂车
国5, --
, 国iii国4欧4国三排放标准
, 国4国三标准国三排放国1
, 国4国v国3国四排放标准
, 国三排放标准国4国3国v
, 国三标准欧iii国3国四排放标准
, 国iv标准国四标准欧iii国四排放标准
, 国四标准国三标准欧4国三排放
, 尾气排放标准国四排放标准国三排放国iii
, 尾气排放标准国三排放标准国五国三标准
, 国四标准国五标准国1国三标准
国4, --
, 国3排放标准国四标准欧3国三排放标准
, 国四排放欧3国三标准国三排放
, 国四排放国四欧iii国三标准
, 国iii国四排放国2国四排放标准
, 欧iii国3排放标准国四国2
, 国三排放标准尾气排放标准欧3国5
, 国iii国四排放标准国3国四排放
, 国四排放标准欧iii国3欧3
, 国四排放国四排放标准国四国三排放标准
, 国三排放国iii国五国3排放标准
国六, --
, 京六排放标准国五标准国v
, 油品标准国iv车用汽柴油国五排放标准
, 燃油标准欧五国五排放标准欧六
, 汽车排放标准燃油标准国五国iv
, 国五标准国iv国四国四标准
, 排放标准欧五京五国四标准
, 国四尾气排放标准国四排放标准国五标准
, 排放标准国四标准国三尾气排放标准
, 国iv国五京六国三
, 排放标准国四国五排放标准国三
国五, --
, 国v京六京五国五汽油
, 国六国五标准国三排放标准国v
, 国四排放标准京六国三排放国iv
, 国五排放标准国三国四国v
, 京六国四排放京五国三排放
, 国五汽油京六京五国v
, 国四排放国五排放标准国三国四标准
, 国六京六国四排放国四标准
, 欧六排放标准国iii国五标准
, 排放标准欧五国五汽油国四
国四, --
, 国四排放标准国三排放标准国六国v
, 国五国四标准国v国二
, 国四标准尾气排放标准国4国六
, 国五国v国三排放标准国五排放标准
, 国四标准国三排放标准排放标准油品标准
, 国五排放标准国五标准排放标准油品标准
, 国二国四排放国六国五标准
, 国v国三排放标准国4国五标准
, 国五国三标准国六国iv
, 国四标准油品标准国六国三排放标准
豪华型, --
, 旗舰型自动豪华型领先型手动版
, 尊贵型2017款精英型风尚版
, 尊贵版2017款尊享型精英型
, 尊贵版精英型舒适版自动豪华型
, 舒适版手动版手动豪华型旗舰型
, 手动豪华型尊贵型手动版精英型
, 舒适版自动尊贵型时尚型至尊型
, 至尊型舒适型自动豪华型时尚型
, 尊享型旗舰型尊贵型尊贵版
, 舒适型2017款手动版尊贵型
自动, --
, 自动触发自动处理自动回收自动识别
, 自动识别自动判断自动操作自动转换
, 自动工作自动调整自动启动自动完成
, 自动地具有自动系统自动自动调整
, 自动回收自动转换系统自动自动启动
, 自动智能具有自动自动转换可自动
, 自动转换自动执行自动触发自动地
, 智能自动自动工作自动启动系统自动
, 自动转换自动回收可自动自动操作
, 自动智能自动执行可自动自动触发
抵押车, --
, 买车人贷款买车过户车买新车
, 背户车贷款买车二手车买车人
, 背户车贷款车二手车买卖买二手车
, 买新车买二手车查封车走私车
, 买卖二手车贷款买车车辆抵押卖二手车
, 车辆抵押过户车二手车买卖卖二手车
, 车辆抵押抵押车辆不能过户二手车买卖
, 购买二手车盗抢车抵押车辆查封车
, 贷款车抵押车辆车贩子买二手车
, 买新车车贩子买车人盗抢车
仓库, --
, 仓库内公司仓库大型仓库物流仓库
, 仓库里大型仓库物流仓库仓库储存
, 以及仓库临时仓库仓库储存及仓库
, 工厂仓库库房以及仓库仓库内部
, 仓库里地下仓库小仓库货仓
, 小仓库仓库储存仓库中货仓
, 公司仓库小仓库临时仓库货仓
, 工厂仓库公司仓库大型的仓库储存仓库
, 公司仓库物流仓库存放货物大型的仓库
, 库房及仓库仓库中临时仓库
批发, --
, 进货拿货零卖经销
, 经销做批发批发销售批发点
, 进货批发市场批发和零售批发点
, 批发零售卖批发销售零售和批发
, 到批发零售和批发做批发进货
, 批发商直接销售批发销售市场批发
, 批发和零售零售批发批发点到批发
, 批发商进货到批发直接销售
, 批发点直接销售批发为主进货
, 市场批发拿货做批发批发商
一手, --
, 手则手上另一手一只手
, 手里右手他手一手操作
, 左手一只手手的他手
, 手则手的手一手把
, 他手手上的手手则
, 一手把另一只却手手的
, 手一只手有一手手的
, 握着手里手的一把
, 手上另一只一手操作一只手
, 一把这手左手另一只
安全, --
, 人身安全安全及更加安全绝对安全
, 提供安全保障安全安全及安全保障
, 安全和健康安全……保证安全绝对安全
, 安全的安全和健康安全问题安全的保障
, 安全的安全和健康安全保障提供安全
, 人生安全安全……保障安全绝对安全
, 自身安全保证安全人身安全安全保障
, 生命安全安全及个人安全使用安全
, 人身安全安全保障人生安全更加安全
, 人身安全安全的安全和健康保证安全
正规, --
, 上正规合法正规安全专业正规
, 合法更正规相关资质正规化
, 专业正规正规经营合法资质非正规
, 非正规合法资质正规渠道正规专业
, 相关资质专业正规正规资质合法
, 合法资质正规专业合法正规合法
, 相关资质正规化正规经营非正规
, 上正规非正规正规渠道正规安全
, 正规化上正规正规资质正规产品
, 相关资质正规专业更正规上正规
常年, --
, 多年经常深居常年来
, 时常深居长期整日
, 曾常年长年累月常年累月深居
, 终日不见阳光常年累月常年来
, 常年累月终日曾常年一年到头
, 长期平日常年累月终日
, 长年长期曾常年经常
, 曾常年平日多年长年
, 长年累月常年累月时常终日
, 多年来常年来长年累月整日
收售, --
, 废品收购盗卖大量收购长期收购
, 文物经营收购钱币高价回收回收二手
, 收购古玩文物经营销赃低价出售
, 废品收购古玩收购大量回收贩卖
, 贩卖收购钱币大量收购常年收购
, 废品收购倒卖收购和出售常年收购
, 收购古玩收购钱币低价出售倒卖
, 盗卖收购钱币大量回收贩卖
, 长期收购收购和出售买卖二手废品收购
, 古玩收购高价回收大量回收废品收购
二手, --
, 想卖二手件二手商几乎全新
, 二手翻新二手商9成新卖二手
, 淘二手二手市场二手翻新2手
, 二手机二手小二手件想卖
, 其他二手二手机2手9成新
, 其他二手9成新二手货买二手
, 几乎全新二手翻新二手产品二手器材
, 几乎全新9成新二手机器买旧
, 二手价格9成新二手商二手翻新
, 二手商二手货二手小几乎全新
农机, --
, 农机合作社农机装备植保机械农资
, 农业装备农业机械化农资农机设备
, 农机服务农业机械新型农机农机生产
, 农机合作社农机管理农机具农机户
, 植保机械农机管理农机服务农机具
, 农机具大型农机农资农业农机
, 农机生产农机管理农业服务农业农机
, 农业机械化农机维修农机服务新型农机
, 农业农机农机具农业机械化农机服务
, 农机管理农机户农机生产农机设备
原装, --
, 正品原装正品全新原装原厂出品
, 原厂出品正品原装配件正厂
, 只有原装原装正品正品原厂配件
, 原厂原装台产纯原装正厂
, 台产原厂正品只有原装
, 原厂配件台产全新原装正品原装
, 原厂只有原装台产全新原装
, 原装产品原厂出品原装正品只有原装
, 全新原装原装进口原厂货只有原装
, 正品原装日本原装原装正品台产
进口, --
, 美国进口及进口欧洲进口进口美国
, 进口到进口产品国内生产欧洲进口
, 及进口其他进口海外进口外国进口
, 及进口欧洲进口进口到澳大利亚进口
, 中国进口澳大利亚进口俄罗斯进口进口中国
, 其他进口进口中国海外进口外国进口
, 直接进口从国外进口其他进口国内生产
, 再进口进口中国进口美国印度进口
, 进口美国再进口欧洲进口中国进口
, 其他进口中国进口美国进口国外进口
日立, --
, 日本日立西门子西数荏原
, 富士通东芝toshiba西数日本东芝
, 松下panasonic三菱电机三洋panasonic
, 西数富士通日本日立日立公司
, 三菱电机日本东芝松下panasonic西数
, 昱西门子东芝松下panasonic
, 荏原东芝toshiba广州日立seagate
, 日本日立hitachi住友电工昱
, 西数富士通三菱电机广州日立
, 荏原toshibaseagate住友电工
挖掘机, --
, 小型挖掘机挖沟机挖机吊车
, 大型机械压路机大型挖掘机大型工程机械
, 挖沟机挖土机大型挖掘机推土
, 大型挖掘机压路机吊车平地机
, 装载车挖机钩机大型工程机械
, 大型工程机械装载机翻斗车铲车
, 勾机装载车大挖掘机压路机
, 小型挖掘机铲车挖土机推土机
, 挖土机推土机挖沟机大型工程机械
, 钩机铲车推土吊车
单位, --
, 企事业单位本单位单位管理机关单位
, 单位内部其它单位机关单位单位发放
, 所属单位如单位单位之间企事业单位
, 单位确定单位工作单位发放如单位
, 单位内部单位确定其它单位所在单位
, 单位内部该单位单位工作企事业单位
, 机关单位所在单位所属单位单位确定
, 单位工作如单位单位内部单位多
, 单位多所属单位如单位单位发放
, 该单位企事业单位其他单位如单位
低价, --
, 便宜的价格低价出售低价甩卖低廉价格
, 低价格低于市场价低廉价格高价
, 超低价低价甩卖价低低价位
, 降价低价销售低价出售价低
, 价低低的价格高价格低廉价格
, 低廉价格低价抛售较低的价格价低
, 高价低价格低价出售高价格
, 降价低价位低的价格价低
, 低廉价格降价超低价低的价格
, 低价甩卖高价格便宜的价格低价抛售
处理, --
, 处理过程处理工作处理的结果处理手段
, 后续处理及时处理处理解决程序处理
, 及时处理处理方法处理工作基本处理
, 后续处理基本处理处理完成及时处理
, 处理解决后续处理直接处理相关处理
, 去处理直接处理基本处理处理手段
, 去处理具体处理其他处理处理的结果
, 再处理妥善处理处理的结果一般处理
, 其他处理处理方式处理的结果直接处理
, 处理工作直接处理妥善处理处理完成
7, --
, 218512
, 139517
, 25133
, 116105
, 109311
, 235810
, 1191622
, 231011
, 10211323
, 1011218
吨, --
, 1.3万吨万吨9万吨13万吨
, 1.6万吨14万吨32万吨2.2万吨
, 24万吨13万吨2.2万吨2.1万吨
, 2.3万吨55万吨2.1万吨13万吨
, 每吨2.2万吨28万吨1.3万吨
, 1.1万吨1.6万吨9万吨2.2万吨
, 55万吨1.8万吨每吨17万吨
, 5万吨7万吨1.8万吨9万吨
, 2.3万吨7万吨17万吨28万吨
, 1.6万吨1.8万吨2.3万吨9万吨
10, --
, 11122313
, 1340178
, 25152122
, 15221312
, 961620
, 1652313
, 307514
, 722525
, 19212516
, 4019612
吨, --
, 1.1万吨7万吨1.6万吨1.8万吨
, 万吨9万吨5万吨1.3万吨
, 1.1万吨1.6万吨4.4万吨13万吨
, 2.1万吨13万吨55万吨14万吨
, 1.8万吨5万吨1.3万吨55万吨
, 2.1万吨2.2万吨55万吨13万吨
, 1.3万吨7万吨55万吨9万吨
, 2.2万吨55万吨1.8万吨14万吨
, 每吨2.2万吨28万吨1.1万吨
, 7万吨万吨2.3万吨1.6万吨
叉车, --
, 机动叉车重型卡车叉车作业吊车
, 汽车吊随车吊重型卡车正面吊
, 起重设备搅拌车搬运车堆高机
, 正面吊机动叉车叉车司机托盘车
, 电动叉车搅拌车堆高机机动叉车
, 起重设备电动叉车搅拌车电瓶叉车
, 堆高机搬运车汽车吊起重设备
, 随车吊自卸车起重设备搅拌车
, 电动叉车随车吊托盘车自卸车
, 正面吊泵车自卸车起重机
转让, --
, 转让交易出售转让协议转让中
, 转让金额转让交易公司转让转让合同
, 出让方转让合同股权转让方
, 股权转让金额公司转让收购股权
, 转让股权转让金额转让中转让价
, 转让股份公司转让股权转让转让价格
, 转让股份出让方股权转让转让资产
, 出让方转让价格转让股权股权
, 受让方转让协议转让方转让交易
, 转让价格转让合同部分股权转让股权
东风, --
, 东风吹改革春风闻吹笙乘东风
, 于东风31b闻吹笙柳借
, 二月二日江上行改革春风柳借东风劲
, 乘东风春风风来于东风
, 乘东风东风吹柳借东风起
, 柳借东风起东风5东风劲
, 31b乘东风欲借东风劲
, 东风531b好风改革春风
, 东风吹风来欲借柳借
, 闻吹笙二月二日江上行东风劲转南时
天龙, --
, 炎龙风雷白龙八部天龙
, 炎龙毒龙真龙赤龙
, 炎龙苍龙黑龙龙象
, 白龙血龙炎龙龙神
, 赤龙龙神白龙青龙
, 龙神苍龙赤龙血龙
, 金龙龙象炎龙八部天龙
, 白龙青龙炎龙神龙
, 八部天龙白龙风雷苍龙
, 毒龙苍龙黑龙八部天龙
前四后四, --
, 前二后八后双桥前四后八自卸车解放赛龙
, 欧曼前四后八解放赛龙9米6后双桥
, 牵引头东风天龙前四后八后双桥解放赛龙
, 牵引头解放新大威480发动机欧曼前四后八
, 9米6前四后十欧曼前四后八480发动机
, 480发动机东风天锦欧曼前四后八后双桥
, 东风天龙牵引车前四后十前4后4前四后八
, 490发动机解放新大威单桥自卸车后双桥
, 后双桥单桥自卸车前四后八自卸车欧曼前四后八
, 牵引头6米8490发动机480发动机
载货车, --
, 自卸车自卸厢式车红岩杰狮
, 自卸中置轴6x4牵引车江淮格尔发
, 6x2标载牵引车6x4牵引车
, 江淮格尔发中置轴howo豪瀚
, 轿运车中置轴解放j6p陕汽德龙
, 轿运车牵引车标载6x4
, 6x2自卸重卡轿运车
, 标载红岩杰狮福田欧曼轻卡
, howo豪瀚6x2红岩杰狮
, 红岩杰狮中置轴轻卡重卡
220, --
, 320150280260
, 210260370250
, 195210140280
, 340290270210
, 270340275440
, 150195280370
, 140350240260
, 370275140330
, 320440140260
, 250140440160
马, --
, 马也羊马时儿马
, 马也驴小马骡子
, 骆驼那马这马小马
, 马在骡子儿马马真
, 这马马在驴和马
, 骡子有马马和鹿
, 骡子羊马也马在
, 马儿有马马时驴
, 马时那马这马羊
, 是马马和马儿马是
马力, --
, 280马力220马力300马力最大功率输出
, 190马力245马力最大马力牛米
, 最大马力峰值扭矩250马力牛米
, 190马力400马力最大马力最大扭矩
, 最大马力245马力最大输出功率300马力
, 400马力最大功率136马力220马力
, 280马力180马力最大功率输出250马力
, 136马力400马力280马力163马力
, 136马力163马力280马力最大扭矩
, 最大扭矩245马力最大功率136马力
9.6, --
, 8.49.19.49.2
, 4.68.67.39.1
, 9.48.88.97.8
, 4.78.78.69.4
, 8.67.88.44.6
, 8.38.97.68.8
, 8.78.94.67.3
, 9.47.38.34.7
, 7.89.48.78.6
, 8.29.58.77.6
华菱, --
, 陕西重汽联合卡车云内动力上汽红岩
, 华菱重卡联合卡车法士特上汽红岩
, 东风股份陕汽重卡上汽红岩刘汉如
, 一汽解放东风商用车法士特重卡
, 法士特上汽红岩柳汽东风股份
, 大运汽车东风股份重卡陕汽
, 东风股份一汽解放上汽红岩华菱星马
, 中国重汽陕汽重卡陕汽大运汽车
, 刘汉如华菱重卡陕汽重卡云内动力
, 上汽依维柯红岩陕汽陕汽重卡华菱星马
高配, --
, 乞丐版配置方面最高配高配车型
, 中配顶配其它配置配版
, 最顶配配版低配入门配置
, 低配车型低配最低配配置更高
, 配版配置其它配置配置方面
, 配版基础配置最高配低配车型
, 次顶其它配置最顶配低配车型
, 高配版低配高配车型配置
, 配版乞丐版顶配版次顶
, 入门版基础配置配置更高中配
后八轮, --
, 农用车翻斗车拉沙车前四后八
, 半挂车水泥罐车前四后八混凝土搅拌车
, 前四后八运沙车水泥搅拌车水泥罐车
, 运沙车土方车工程车水泥车
, 拉土车水泥车拉沙车土方车
, 翻斗车水泥搅拌车前四后八渣土车
, 土方车拉土车大货车渣土车
, 渣土车水泥搅拌车半挂车自卸货车
, 双桥车渣土车农用车混泥土搅拌车
, 运沙车自卸货车水泥罐车搅拌车
便宜卖, --
, 卖咯卖吗便宜点怎么卖
, 价格好商量咋卖绝对便宜卖我吧
, 想卖便宜处理低价处理卖吧
, 我卖钱卖咋卖便宜出售
, 钱卖价格好商量绝对便宜咋卖
, 卖吗卖多少钱咋卖快卖
, 价格好商量咋卖便宜处理快卖
, 卖咯便宜处理低价处理快卖
, 低价处理咋卖我卖卖我吧
, 出个价怎么卖卖吧便宜点
